timestamp        ,path                                 ,name,download (in secs),MB,min,url
20190307 00:00:00,/home/biadmin/Music/20170731_pino.mp3,some,1                 ,1 ,1  ,https://media.deejay.it/legacy/audio/
20190307 00:00:00,/home/biadmin/Music/20170801_pino.mp3,some,1                 ,1 ,1  ,https://media.deejay.it/legacy/audio/
20190307 00:00:00,/home/biadmin/Music/20170802_pino.mp3,some,1                 ,1 ,1  ,https://media.deejay.it/legacy/audio/
20190307 00:00:00,/home/biadmin/Music/20170803_pino.mp3,some,1                 ,1 ,1  ,https://media.deejay.it/legacy/audio/
20190307 00:00:00,/home/biadmin/Music/20170804_pino.mp3,some,1                 ,1 ,1  ,https://media.deejay.it/legacy/audio/
20190307 00:00:00,/home/biadmin/Music/20170807_pino.mp3,some,1                 ,1 ,1  ,https://media.deejay.it/legacy/audio/
20190307 00:00:00,/home/biadmin/Music/20170808_pino.mp3,some,1                 ,1 ,1  ,https://media.deejay.it/legacy/audio/
20190307 00:00:00,/home/biadmin/Music/20170809_pino.mp3,some,1                 ,1 ,1  ,https://media.deejay.it/legacy/audio/
20190307 00:00:00,/home/biadmin/Music/20170810_pino.mp3,some,1                 ,1 ,1  ,https://media.deejay.it/legacy/audio/
20190307 00:00:00,/home/biadmin/Music/20170811_pino.mp3,some,1                 ,1 ,1  ,https://media.deejay.it/legacy/audio/
20190307 00:00:00,/home/biadmin/Music/20180820_pino.mp3,some,1                 ,1 ,1  ,https://media.deejay.it/legacy/audio/
20190307 00:00:00,/home/biadmin/Music/20180821_pino.mp3,some,1                 ,1 ,1  ,https://media.deejay.it/legacy/audio/
20190307 00:00:00,/home/biadmin/Music/20180822_pino.mp3,some,1                 ,1 ,1  ,https://media.deejay.it/legacy/audio/
20190307 00:00:00,/home/biadmin/Music/20180823_pino.mp3,some,1                 ,1 ,1  ,https://media.deejay.it/legacy/audio/
20190307 00:00:00,/home/biadmin/Music/20180824_pino.mp3,some,1                 ,1 ,1  ,https://media.deejay.it/legacy/audio/
20190307 00:00:00,/home/biadmin/Music/20180825_djfc.mp3,some,1                 ,1 ,1  ,https://media.deejay.it/legacy/audio/
20190307 00:00:00,/home/biadmin/Music/20180827_pino.mp3,some,1                 ,1 ,1  ,https://media.deejay.it/legacy/audio/
20190307 00:00:00,/home/biadmin/Music/20180828_pino.mp3,some,1                 ,1 ,1  ,https://media.deejay.it/legacy/audio/
20190307 00:00:00,/home/biadmin/Music/20180829_pino.mp3,some,1                 ,1 ,1  ,https://media.deejay.it/legacy/audio/
20190307 00:00:00,/home/biadmin/Music/20180830_pino.mp3,some,1                 ,1 ,1  ,https://media.deejay.it/legacy/audio/
20190307 00:00:00,/home/biadmin/Music/20180831_pino.mp3,some,1                 ,1 ,1  ,https://media.deejay.it/legacy/audio/
20190307 00:00:00,/home/biadmin/Music/20180901_djfc.mp3,some,1                 ,1 ,1  ,https://media.deejay.it/legacy/audio/
20190307 00:00:00,/home/biadmin/Music/20180903_cr31.mp3,some,1                 ,1 ,1  ,https://media.deejay.it/legacy/audio/
20190307 00:00:00,/home/biadmin/Music/20180903_djci.mp3,some,1                 ,1 ,1  ,https://media.deejay.it/legacy/audio/
20190307 00:00:00,/home/biadmin/Music/20180903_niki.mp3,some,1                 ,1 ,1  ,https://media.deejay.it/legacy/audio/
20190307 00:00:00,/home/biadmin/Music/20180903_pino.mp3,some,1                 ,1 ,1  ,https://media.deejay.it/legacy/audio/
20190307 00:00:00,/home/biadmin/Music/20180904_cr31.mp3,some,1                 ,1 ,1  ,https://media.deejay.it/legacy/audio/
20190307 00:00:00,/home/biadmin/Music/20180904_djci.mp3,some,1                 ,1 ,1  ,https://media.deejay.it/legacy/audio/
20190307 00:00:00,/home/biadmin/Music/20180904_niki.mp3,some,1                 ,1 ,1  ,https://media.deejay.it/legacy/audio/
20190307 00:00:00,/home/biadmin/Music/20180904_pino.mp3,some,1                 ,1 ,1  ,https://media.deejay.it/legacy/audio/
20190307 00:00:00,/home/biadmin/Music/20180905_cr31.mp3,some,1                 ,1 ,1  ,https://media.deejay.it/legacy/audio/
20190307 00:00:00,/home/biadmin/Music/20180905_cr31.mp3,some,1                 ,1 ,1  ,https://media.deejay.it/legacy/audio/
20190307 00:00:00,/home/biadmin/Music/20180905_djci.mp3,some,1                 ,1 ,1  ,https://media.deejay.it/legacy/audio/
20190307 00:00:00,/home/biadmin/Music/20180905_djci.mp3,some,1                 ,1 ,1  ,https://media.deejay.it/legacy/audio/
20190307 00:00:00,/home/biadmin/Music/20180905_niki.mp3,some,1                 ,1 ,1  ,https://media.deejay.it/legacy/audio/
20190307 00:00:00,/home/biadmin/Music/20180905_pino.mp3,some,1                 ,1 ,1  ,https://media.deejay.it/legacy/audio/
20190307 00:00:00,/home/biadmin/Music/20180906_cr31.mp3,some,1                 ,1 ,1  ,https://media.deejay.it/legacy/audio/
20190307 00:00:00,/home/biadmin/Music/20180906_djci.mp3,some,1                 ,1 ,1  ,https://media.deejay.it/legacy/audio/
20190307 00:00:00,/home/biadmin/Music/20180906_niki.mp3,some,1                 ,1 ,1  ,https://media.deejay.it/legacy/audio/
20190307 00:00:00,/home/biadmin/Music/20180906_pino.mp3,some,1                 ,1 ,1  ,https://media.deejay.it/legacy/audio/
20190307 00:00:00,/home/biadmin/Music/20180907_cr31.mp3,some,1                 ,1 ,1  ,https://media.deejay.it/legacy/audio/
20190307 00:00:00,/home/biadmin/Music/20180907_djci.mp3,some,1                 ,1 ,1  ,https://media.deejay.it/legacy/audio/
20190307 00:00:00,/home/biadmin/Music/20180907_niki.mp3,some,1                 ,1 ,1  ,https://media.deejay.it/legacy/audio/
20190307 00:00:00,/home/biadmin/Music/20180908_djfc.mp3,some,1                 ,1 ,1  ,https://media.deejay.it/legacy/audio/
20190307 00:00:00,/home/biadmin/Music/20180910_cr31.mp3,some,1                 ,1 ,1  ,https://media.deejay.it/legacy/audio/
20190307 00:00:00,/home/biadmin/Music/20180910_djci.mp3,some,1                 ,1 ,1  ,https://media.deejay.it/legacy/audio/
20190307 00:00:00,/home/biadmin/Music/20180910_niki.mp3,some,1                 ,1 ,1  ,https://media.deejay.it/legacy/audio/
20190307 00:00:00,/home/biadmin/Music/20180910_pino.mp3,some,1                 ,1 ,1  ,https://media.deejay.it/legacy/audio/
20190307 00:00:00,/home/biadmin/Music/20180911_cr31.mp3,some,1                 ,1 ,1  ,https://media.deejay.it/legacy/audio/
20190307 00:00:00,/home/biadmin/Music/20180911_djci.mp3,some,1                 ,1 ,1  ,https://media.deejay.it/legacy/audio/
20190307 00:00:00,/home/biadmin/Music/20180911_niki.mp3,some,1                 ,1 ,1  ,https://media.deejay.it/legacy/audio/
20190307 00:00:00,/home/biadmin/Music/20180911_pino.mp3,some,1                 ,1 ,1  ,https://media.deejay.it/legacy/audio/
20190307 00:00:00,/home/biadmin/Music/20180912_cr31.mp3,some,1                 ,1 ,1  ,https://media.deejay.it/legacy/audio/
20190307 00:00:00,/home/biadmin/Music/20180912_djci.mp3,some,1                 ,1 ,1  ,https://media.deejay.it/legacy/audio/
20190307 00:00:00,/home/biadmin/Music/20180912_niki.mp3,some,1                 ,1 ,1  ,https://media.deejay.it/legacy/audio/
20190307 00:00:00,/home/biadmin/Music/20180912_pino.mp3,some,1                 ,1 ,1  ,https://media.deejay.it/legacy/audio/
20190307 00:00:00,/home/biadmin/Music/20180913_cr31.mp3,some,1                 ,1 ,1  ,https://media.deejay.it/legacy/audio/
20190307 00:00:00,/home/biadmin/Music/20180913_djci.mp3,some,1                 ,1 ,1  ,https://media.deejay.it/legacy/audio/
20190307 00:00:00,/home/biadmin/Music/20180913_niki.mp3,some,1                 ,1 ,1  ,https://media.deejay.it/legacy/audio/
20190307 00:00:00,/home/biadmin/Music/20180913_pino.mp3,some,1                 ,1 ,1  ,https://media.deejay.it/legacy/audio/
20190307 00:00:00,/home/biadmin/Music/20180914_cr31.mp3,some,1                 ,1 ,1  ,https://media.deejay.it/legacy/audio/
20190307 00:00:00,/home/biadmin/Music/20180914_djci.mp3,some,1                 ,1 ,1  ,https://media.deejay.it/legacy/audio/
20190307 00:00:00,/home/biadmin/Music/20180914_niki.mp3,some,1                 ,1 ,1  ,https://media.deejay.it/legacy/audio/
20190307 00:00:00,/home/biadmin/Music/20180914_pino.mp3,some,1                 ,1 ,1  ,https://media.deejay.it/legacy/audio/
20190307 00:00:00,/home/biadmin/Music/20180915_djfc.mp3,some,1                 ,1 ,1  ,https://media.deejay.it/legacy/audio/
20190307 00:00:00,/home/biadmin/Music/20180917_cr31.mp3,some,1                 ,1 ,1  ,https://media.deejay.it/legacy/audio/
20190307 00:00:00,/home/biadmin/Music/20180917_djci.mp3,some,1                 ,1 ,1  ,https://media.deejay.it/legacy/audio/
20190307 00:00:00,/home/biadmin/Music/20180917_niki.mp3,some,1                 ,1 ,1  ,https://media.deejay.it/legacy/audio/
20190307 00:00:00,/home/biadmin/Music/20180917_pino.mp3,some,1                 ,1 ,1  ,https://media.deejay.it/legacy/audio/
20190307 00:00:00,/home/biadmin/Music/20180918_cr31.mp3,some,1                 ,1 ,1  ,https://media.deejay.it/legacy/audio/
20190307 00:00:00,/home/biadmin/Music/20180918_djci.mp3,some,1                 ,1 ,1  ,https://media.deejay.it/legacy/audio/
20190307 00:00:00,/home/biadmin/Music/20180918_niki.mp3,some,1                 ,1 ,1  ,https://media.deejay.it/legacy/audio/
20190307 00:00:00,/home/biadmin/Music/20180919_cr31.mp3,some,1                 ,1 ,1  ,https://media.deejay.it/legacy/audio/
20190307 00:00:00,/home/biadmin/Music/20180919_djci.mp3,some,1                 ,1 ,1  ,https://media.deejay.it/legacy/audio/
20190307 00:00:00,/home/biadmin/Music/20180919_niki.mp3,some,1                 ,1 ,1  ,https://media.deejay.it/legacy/audio/
20190307 00:00:00,/home/biadmin/Music/20180919_pino.mp3,some,1                 ,1 ,1  ,https://media.deejay.it/legacy/audio/
20190307 00:00:00,/home/biadmin/Music/20180920_cr31.mp3,some,1                 ,1 ,1  ,https://media.deejay.it/legacy/audio/
20190307 00:00:00,/home/biadmin/Music/20180920_djci.mp3,some,1                 ,1 ,1  ,https://media.deejay.it/legacy/audio/
20190307 00:00:00,/home/biadmin/Music/20180920_niki.mp3,some,1                 ,1 ,1  ,https://media.deejay.it/legacy/audio/
20190307 00:00:00,/home/biadmin/Music/20180920_pino.mp3,some,1                 ,1 ,1  ,https://media.deejay.it/legacy/audio/
20190307 00:00:00,/home/biadmin/Music/20180921_cr31.mp3,some,1                 ,1 ,1  ,https://media.deejay.it/legacy/audio/
20190307 00:00:00,/home/biadmin/Music/20180921_djci.mp3,some,1                 ,1 ,1  ,https://media.deejay.it/legacy/audio/
20190307 00:00:00,/home/biadmin/Music/20180921_niki.mp3,some,1                 ,1 ,1  ,https://media.deejay.it/legacy/audio/
20190307 00:00:00,/home/biadmin/Music/20180921_pino.mp3,some,1                 ,1 ,1  ,https://media.deejay.it/legacy/audio/
20190307 00:00:00,/home/biadmin/Music/20180922_djfc.mp3,some,1                 ,1 ,1  ,https://media.deejay.it/legacy/audio/
20190307 00:00:00,/home/biadmin/Music/20180924_cr31.mp3,some,1                 ,1 ,1  ,https://media.deejay.it/legacy/audio/
20190307 00:00:00,/home/biadmin/Music/20180924_djci.mp3,some,1                 ,1 ,1  ,https://media.deejay.it/legacy/audio/
20190307 00:00:00,/home/biadmin/Music/20180924_niki.mp3,some,1                 ,1 ,1  ,https://media.deejay.it/legacy/audio/
20190307 00:00:00,/home/biadmin/Music/20180924_pino.mp3,some,1                 ,1 ,1  ,https://media.deejay.it/legacy/audio/
20190307 00:00:00,/home/biadmin/Music/20180925_cr31.mp3,some,1                 ,1 ,1  ,https://media.deejay.it/legacy/audio/
20190307 00:00:00,/home/biadmin/Music/20180925_cr31.mp3,some,1                 ,1 ,1  ,https://media.deejay.it/legacy/audio/
20190307 00:00:00,/home/biadmin/Music/20180925_djci.mp3,some,1                 ,1 ,1  ,https://media.deejay.it/legacy/audio/
20190307 00:00:00,/home/biadmin/Music/20180925_niki.mp3,some,1                 ,1 ,1  ,https://media.deejay.it/legacy/audio/
20190307 00:00:00,/home/biadmin/Music/20180925_pino.mp3,some,1                 ,1 ,1  ,https://media.deejay.it/legacy/audio/
20190307 00:00:00,/home/biadmin/Music/20180926_cr31.mp3,some,1                 ,1 ,1  ,https://media.deejay.it/legacy/audio/
20190307 00:00:00,/home/biadmin/Music/20180926_cr31.mp3,some,1                 ,1 ,1  ,https://media.deejay.it/legacy/audio/
20190307 00:00:00,/home/biadmin/Music/20180926_djci.mp3,some,1                 ,1 ,1  ,https://media.deejay.it/legacy/audio/
20190307 00:00:00,/home/biadmin/Music/20180926_djci.mp3,some,1                 ,1 ,1  ,https://media.deejay.it/legacy/audio/
20190307 00:00:00,/home/biadmin/Music/20180926_niki.mp3,some,1                 ,1 ,1  ,https://media.deejay.it/legacy/audio/
20190307 00:00:00,/home/biadmin/Music/20180926_pino.mp3,some,1                 ,1 ,1  ,https://media.deejay.it/legacy/audio/
20190307 00:00:00,/home/biadmin/Music/20180927_cr31.mp3,some,1                 ,1 ,1  ,https://media.deejay.it/legacy/audio/
20190307 00:00:00,/home/biadmin/Music/20180927_djci.mp3,some,1                 ,1 ,1  ,https://media.deejay.it/legacy/audio/
20190307 00:00:00,/home/biadmin/Music/20180927_niki.mp3,some,1                 ,1 ,1  ,https://media.deejay.it/legacy/audio/
20190307 00:00:00,/home/biadmin/Music/20180927_pino.mp3,some,1                 ,1 ,1  ,https://media.deejay.it/legacy/audio/
20190307 00:00:00,/home/biadmin/Music/20180928_cr31.mp3,some,1                 ,1 ,1  ,https://media.deejay.it/legacy/audio/
20190307 00:00:00,/home/biadmin/Music/20180928_djci.mp3,some,1                 ,1 ,1  ,https://media.deejay.it/legacy/audio/
20190307 00:00:00,/home/biadmin/Music/20180928_niki.mp3,some,1                 ,1 ,1  ,https://media.deejay.it/legacy/audio/
20190307 00:00:00,/home/biadmin/Music/20180928_pino.mp3,some,1                 ,1 ,1  ,https://media.deejay.it/legacy/audio/
20190307 00:00:00,/home/biadmin/Music/20180929_djfc.mp3,some,1                 ,1 ,1  ,https://media.deejay.it/legacy/audio/
20190307 00:00:00,/home/biadmin/Music/20181001_cr31.mp3,some,1                 ,1 ,1  ,https://media.deejay.it/legacy/audio/
20190307 00:00:00,/home/biadmin/Music/20181001_djci.mp3,some,1                 ,1 ,1  ,https://media.deejay.it/legacy/audio/
20190307 00:00:00,/home/biadmin/Music/20181001_niki.mp3,some,1                 ,1 ,1  ,https://media.deejay.it/legacy/audio/
20190307 00:00:00,/home/biadmin/Music/20181001_pino.mp3,some,1                 ,1 ,1  ,https://media.deejay.it/legacy/audio/
20190307 00:00:00,/home/biadmin/Music/20181002_cr31.mp3,some,1                 ,1 ,1  ,https://media.deejay.it/legacy/audio/
20190307 00:00:00,/home/biadmin/Music/20181002_djci.mp3,some,1                 ,1 ,1  ,https://media.deejay.it/legacy/audio/
20190307 00:00:00,/home/biadmin/Music/20181002_niki.mp3,some,1                 ,1 ,1  ,https://media.deejay.it/legacy/audio/
20190307 00:00:00,/home/biadmin/Music/20181002_pino.mp3,some,1                 ,1 ,1  ,https://media.deejay.it/legacy/audio/
20190307 00:00:00,/home/biadmin/Music/20181003_cr31.mp3,some,1                 ,1 ,1  ,https://media.deejay.it/legacy/audio/
20190307 00:00:00,/home/biadmin/Music/20181003_djci.mp3,some,1                 ,1 ,1  ,https://media.deejay.it/legacy/audio/
20190307 00:00:00,/home/biadmin/Music/20181003_niki.mp3,some,1                 ,1 ,1  ,https://media.deejay.it/legacy/audio/
20190307 00:00:00,/home/biadmin/Music/20181003_pino.mp3,some,1                 ,1 ,1  ,https://media.deejay.it/legacy/audio/
20190307 00:00:00,/home/biadmin/Music/20181004_cr31.mp3,some,1                 ,1 ,1  ,https://media.deejay.it/legacy/audio/
20190307 00:00:00,/home/biadmin/Music/20181004_djci.mp3,some,1                 ,1 ,1  ,https://media.deejay.it/legacy/audio/
20190307 00:00:00,/home/biadmin/Music/20181004_niki.mp3,some,1                 ,1 ,1  ,https://media.deejay.it/legacy/audio/
20190307 00:00:00,/home/biadmin/Music/20181004_pino.mp3,some,1                 ,1 ,1  ,https://media.deejay.it/legacy/audio/
20190307 00:00:00,/home/biadmin/Music/20181005_cr31.mp3,some,1                 ,1 ,1  ,https://media.deejay.it/legacy/audio/
20190307 00:00:00,/home/biadmin/Music/20181005_djci.mp3,some,1                 ,1 ,1  ,https://media.deejay.it/legacy/audio/
20190307 00:00:00,/home/biadmin/Music/20181005_niki.mp3,some,1                 ,1 ,1  ,https://media.deejay.it/legacy/audio/
20190307 00:00:00,/home/biadmin/Music/20181005_pino.mp3,some,1                 ,1 ,1  ,https://media.deejay.it/legacy/audio/
20190307 00:00:00,/home/biadmin/Music/20181006_djfc.mp3,some,1                 ,1 ,1  ,https://media.deejay.it/legacy/audio/
20190307 00:00:00,/home/biadmin/Music/20181008_cr31.mp3,some,1                 ,1 ,1  ,https://media.deejay.it/legacy/audio/
20190307 00:00:00,/home/biadmin/Music/20181008_djci.mp3,some,1                 ,1 ,1  ,https://media.deejay.it/legacy/audio/
20190307 00:00:00,/home/biadmin/Music/20181008_niki.mp3,some,1                 ,1 ,1  ,https://media.deejay.it/legacy/audio/
20190307 00:00:00,/home/biadmin/Music/20181008_pino.mp3,some,1                 ,1 ,1  ,https://media.deejay.it/legacy/audio/
20190307 00:00:00,/home/biadmin/Music/20181009_cr31.mp3,some,1                 ,1 ,1  ,https://media.deejay.it/legacy/audio/
20190307 00:00:00,/home/biadmin/Music/20181009_djci.mp3,some,1                 ,1 ,1  ,https://media.deejay.it/legacy/audio/
20190307 00:00:00,/home/biadmin/Music/20181009_niki.mp3,some,1                 ,1 ,1  ,https://media.deejay.it/legacy/audio/
20190307 00:00:00,/home/biadmin/Music/20181009_pino.mp3,some,1                 ,1 ,1  ,https://media.deejay.it/legacy/audio/
20190307 00:00:00,/home/biadmin/Music/20181010_cr31.mp3,some,1                 ,1 ,1  ,https://media.deejay.it/legacy/audio/
20190307 00:00:00,/home/biadmin/Music/20181010_djci.mp3,some,1                 ,1 ,1  ,https://media.deejay.it/legacy/audio/
20190307 00:00:00,/home/biadmin/Music/20181010_niki.mp3,some,1                 ,1 ,1  ,https://media.deejay.it/legacy/audio/
20190307 00:00:00,/home/biadmin/Music/20181010_pino.mp3,some,1                 ,1 ,1  ,https://media.deejay.it/legacy/audio/
20190307 00:00:00,/home/biadmin/Music/20181011_cr31.mp3,some,1                 ,1 ,1  ,https://media.deejay.it/legacy/audio/
20190307 00:00:00,/home/biadmin/Music/20181011_djci.mp3,some,1                 ,1 ,1  ,https://media.deejay.it/legacy/audio/
20190307 00:00:00,/home/biadmin/Music/20181011_niki.mp3,some,1                 ,1 ,1  ,https://media.deejay.it/legacy/audio/
20190307 00:00:00,/home/biadmin/Music/20181011_pino.mp3,some,1                 ,1 ,1  ,https://media.deejay.it/legacy/audio/
20190307 00:00:00,/home/biadmin/Music/20181012_cr31.mp3,some,1                 ,1 ,1  ,https://media.deejay.it/legacy/audio/
20190307 00:00:00,/home/biadmin/Music/20181012_djci.mp3,some,1                 ,1 ,1  ,https://media.deejay.it/legacy/audio/
20190307 00:00:00,/home/biadmin/Music/20181012_niki.mp3,some,1                 ,1 ,1  ,https://media.deejay.it/legacy/audio/
20190307 00:00:00,/home/biadmin/Music/20181012_pino.mp3,some,1                 ,1 ,1  ,https://media.deejay.it/legacy/audio/
20190307 00:00:00,/home/biadmin/Music/20181013_djfc.mp3,some,1                 ,1 ,1  ,https://media.deejay.it/legacy/audio/
20190307 00:00:00,/home/biadmin/Music/20181015_cr31.mp3,some,1                 ,1 ,1  ,https://media.deejay.it/legacy/audio/
20190307 00:00:00,/home/biadmin/Music/20181015_djci.mp3,some,1                 ,1 ,1  ,https://media.deejay.it/legacy/audio/
20190307 00:00:00,/home/biadmin/Music/20181015_niki.mp3,some,1                 ,1 ,1  ,https://media.deejay.it/legacy/audio/
20190307 00:00:00,/home/biadmin/Music/20181015_pino.mp3,some,1                 ,1 ,1  ,https://media.deejay.it/legacy/audio/
20190307 00:00:00,/home/biadmin/Music/20181016_cr31.mp3,some,1                 ,1 ,1  ,https://media.deejay.it/legacy/audio/
20190307 00:00:00,/home/biadmin/Music/20181016_cr31.mp3,some,1                 ,1 ,1  ,https://media.deejay.it/legacy/audio/
20190307 00:00:00,/home/biadmin/Music/20181016_djci.mp3,some,1                 ,1 ,1  ,https://media.deejay.it/legacy/audio/
20190307 00:00:00,/home/biadmin/Music/20181016_niki.mp3,some,1                 ,1 ,1  ,https://media.deejay.it/legacy/audio/
20190307 00:00:00,/home/biadmin/Music/20181016_pino.mp3,some,1                 ,1 ,1  ,https://media.deejay.it/legacy/audio/
20190307 00:00:00,/home/biadmin/Music/20181017_cr31.mp3,some,1                 ,1 ,1  ,https://media.deejay.it/legacy/audio/
20190307 00:00:00,/home/biadmin/Music/20181017_djci.mp3,some,1                 ,1 ,1  ,https://media.deejay.it/legacy/audio/
20190307 00:00:00,/home/biadmin/Music/20181017_niki.mp3,some,1                 ,1 ,1  ,https://media.deejay.it/legacy/audio/
20190307 00:00:00,/home/biadmin/Music/20181017_pino.mp3,some,1                 ,1 ,1  ,https://media.deejay.it/legacy/audio/
20190307 00:00:00,/home/biadmin/Music/20181018_cr31.mp3,some,1                 ,1 ,1  ,https://media.deejay.it/legacy/audio/
20190307 00:00:00,/home/biadmin/Music/20181018_djci.mp3,some,1                 ,1 ,1  ,https://media.deejay.it/legacy/audio/
20190307 00:00:00,/home/biadmin/Music/20181018_niki.mp3,some,1                 ,1 ,1  ,https://media.deejay.it/legacy/audio/
20190307 00:00:00,/home/biadmin/Music/20181018_pino.mp3,some,1                 ,1 ,1  ,https://media.deejay.it/legacy/audio/
20190307 00:00:00,/home/biadmin/Music/20181019_cr31.mp3,some,1                 ,1 ,1  ,https://media.deejay.it/legacy/audio/
20190307 00:00:00,/home/biadmin/Music/20181019_djci.mp3,some,1                 ,1 ,1  ,https://media.deejay.it/legacy/audio/
20190307 00:00:00,/home/biadmin/Music/20181019_niki.mp3,some,1                 ,1 ,1  ,https://media.deejay.it/legacy/audio/
20190307 00:00:00,/home/biadmin/Music/20181019_pino.mp3,some,1                 ,1 ,1  ,https://media.deejay.it/legacy/audio/
20190307 00:00:00,/home/biadmin/Music/20181020_djfc.mp3,some,1                 ,1 ,1  ,https://media.deejay.it/legacy/audio/
20190307 00:00:00,/home/biadmin/Music/20181022_cr31.mp3,some,1                 ,1 ,1  ,https://media.deejay.it/legacy/audio/
20190307 00:00:00,/home/biadmin/Music/20181022_djci.mp3,some,1                 ,1 ,1  ,https://media.deejay.it/legacy/audio/
20190307 00:00:00,/home/biadmin/Music/20181022_niki.mp3,some,1                 ,1 ,1  ,https://media.deejay.it/legacy/audio/
20190307 00:00:00,/home/biadmin/Music/20181022_pino.mp3,some,1                 ,1 ,1  ,https://media.deejay.it/legacy/audio/
20190307 00:00:00,/home/biadmin/Music/20181023_cr31.mp3,some,1                 ,1 ,1  ,https://media.deejay.it/legacy/audio/
20190307 00:00:00,/home/biadmin/Music/20181023_djci.mp3,some,1                 ,1 ,1  ,https://media.deejay.it/legacy/audio/
20190307 00:00:00,/home/biadmin/Music/20181023_niki.mp3,some,1                 ,1 ,1  ,https://media.deejay.it/legacy/audio/
20190307 00:00:00,/home/biadmin/Music/20181023_pino.mp3,some,1                 ,1 ,1  ,https://media.deejay.it/legacy/audio/
20190307 00:00:00,/home/biadmin/Music/20181024_cr31.mp3,some,1                 ,1 ,1  ,https://media.deejay.it/legacy/audio/
20190307 00:00:00,/home/biadmin/Music/20181024_djci.mp3,some,1                 ,1 ,1  ,https://media.deejay.it/legacy/audio/
20190307 00:00:00,/home/biadmin/Music/20181024_niki.mp3,some,1                 ,1 ,1  ,https://media.deejay.it/legacy/audio/
20190307 00:00:00,/home/biadmin/Music/20181024_pino.mp3,some,1                 ,1 ,1  ,https://media.deejay.it/legacy/audio/
20190307 00:00:00,/home/biadmin/Music/20181025_cr31.mp3,some,1                 ,1 ,1  ,https://media.deejay.it/legacy/audio/
20190307 00:00:00,/home/biadmin/Music/20181025_djci.mp3,some,1                 ,1 ,1  ,https://media.deejay.it/legacy/audio/
20190307 00:00:00,/home/biadmin/Music/20181025_niki.mp3,some,1                 ,1 ,1  ,https://media.deejay.it/legacy/audio/
20190307 00:00:00,/home/biadmin/Music/20181025_pino.mp3,some,1                 ,1 ,1  ,https://media.deejay.it/legacy/audio/
20190307 00:00:00,/home/biadmin/Music/20181026_cr31.mp3,some,1                 ,1 ,1  ,https://media.deejay.it/legacy/audio/
20190307 00:00:00,/home/biadmin/Music/20181026_cr31.mp3,some,1                 ,1 ,1  ,https://media.deejay.it/legacy/audio/
20190307 00:00:00,/home/biadmin/Music/20181026_cr31.mp3,some,1                 ,1 ,1  ,https://media.deejay.it/legacy/audio/
20190307 00:00:00,/home/biadmin/Music/20181026_djci.mp3,some,1                 ,1 ,1  ,https://media.deejay.it/legacy/audio/
20190307 00:00:00,/home/biadmin/Music/20181026_djci.mp3,some,1                 ,1 ,1  ,https://media.deejay.it/legacy/audio/
20190307 00:00:00,/home/biadmin/Music/20181026_djci.mp3,some,1                 ,1 ,1  ,https://media.deejay.it/legacy/audio/
20190307 00:00:00,/home/biadmin/Music/20181026_niki.mp3,some,1                 ,1 ,1  ,https://media.deejay.it/legacy/audio/
20190307 00:00:00,/home/biadmin/Music/20181026_pino.mp3,some,1                 ,1 ,1  ,https://media.deejay.it/legacy/audio/
20190307 00:00:00,/home/biadmin/Music/20181027_djfc.mp3,some,1                 ,1 ,1  ,https://media.deejay.it/legacy/audio/
20190307 00:00:00,/home/biadmin/Music/20181029_cr31.mp3,some,1                 ,1 ,1  ,https://media.deejay.it/legacy/audio/
20190307 00:00:00,/home/biadmin/Music/20181029_djci.mp3,some,1                 ,1 ,1  ,https://media.deejay.it/legacy/audio/
20190307 00:00:00,/home/biadmin/Music/20181029_niki.mp3,some,1                 ,1 ,1  ,https://media.deejay.it/legacy/audio/
20190307 00:00:00,/home/biadmin/Music/20181029_pino.mp3,some,1                 ,1 ,1  ,https://media.deejay.it/legacy/audio/
20190307 00:00:00,/home/biadmin/Music/20181030_cr31.mp3,some,1                 ,1 ,1  ,https://media.deejay.it/legacy/audio/
20190307 00:00:00,/home/biadmin/Music/20181030_djci.mp3,some,1                 ,1 ,1  ,https://media.deejay.it/legacy/audio/
20190307 00:00:00,/home/biadmin/Music/20181030_niki.mp3,some,1                 ,1 ,1  ,https://media.deejay.it/legacy/audio/
20190307 00:00:00,/home/biadmin/Music/20181030_pino.mp3,some,1                 ,1 ,1  ,https://media.deejay.it/legacy/audio/
20190307 00:00:00,/home/biadmin/Music/20181031_cr31.mp3,some,1                 ,1 ,1  ,https://media.deejay.it/legacy/audio/
20190307 00:00:00,/home/biadmin/Music/20181031_djci.mp3,some,1                 ,1 ,1  ,https://media.deejay.it/legacy/audio/
20190307 00:00:00,/home/biadmin/Music/20181031_niki.mp3,some,1                 ,1 ,1  ,https://media.deejay.it/legacy/audio/
20190307 00:00:00,/home/biadmin/Music/20181031_pino.mp3,some,1                 ,1 ,1  ,https://media.deejay.it/legacy/audio/
20190307 00:00:00,/home/biadmin/Music/20181101_niki.mp3,some,1                 ,1 ,1  ,https://media.deejay.it/legacy/audio/
20190307 00:00:00,/home/biadmin/Music/20181101_pino.mp3,some,1                 ,1 ,1  ,https://media.deejay.it/legacy/audio/
20190307 00:00:00,/home/biadmin/Music/20181102_niki.mp3,some,1                 ,1 ,1  ,https://media.deejay.it/legacy/audio/
20190307 00:00:00,/home/biadmin/Music/20181102_pino.mp3,some,1                 ,1 ,1  ,https://media.deejay.it/legacy/audio/
20190307 00:00:00,/home/biadmin/Music/20181103_djfc.mp3,some,1                 ,1 ,1  ,https://media.deejay.it/legacy/audio/
20190307 00:00:00,/home/biadmin/Music/20181105_cr31.mp3,some,1                 ,1 ,1  ,https://media.deejay.it/legacy/audio/
20190307 00:00:00,/home/biadmin/Music/20181105_djci.mp3,some,1                 ,1 ,1  ,https://media.deejay.it/legacy/audio/
20190307 00:00:00,/home/biadmin/Music/20181105_niki.mp3,some,1                 ,1 ,1  ,https://media.deejay.it/legacy/audio/
20190307 00:00:00,/home/biadmin/Music/20181105_pino.mp3,some,1                 ,1 ,1  ,https://media.deejay.it/legacy/audio/
20190307 00:00:00,/home/biadmin/Music/20181106_cr31.mp3,some,1                 ,1 ,1  ,https://media.deejay.it/legacy/audio/
20190307 00:00:00,/home/biadmin/Music/20181106_djci.mp3,some,1                 ,1 ,1  ,https://media.deejay.it/legacy/audio/
20190307 00:00:00,/home/biadmin/Music/20181106_niki.mp3,some,1                 ,1 ,1  ,https://media.deejay.it/legacy/audio/
20190307 00:00:00,/home/biadmin/Music/20181106_pino.mp3,some,1                 ,1 ,1  ,https://media.deejay.it/legacy/audio/
20190307 00:00:00,/home/biadmin/Music/20181107_cr31.mp3,some,1                 ,1 ,1  ,https://media.deejay.it/legacy/audio/
20190307 00:00:00,/home/biadmin/Music/20181107_djci.mp3,some,1                 ,1 ,1  ,https://media.deejay.it/legacy/audio/
20190307 00:00:00,/home/biadmin/Music/20181107_niki.mp3,some,1                 ,1 ,1  ,https://media.deejay.it/legacy/audio/
20190307 00:00:00,/home/biadmin/Music/20181107_pino.mp3,some,1                 ,1 ,1  ,https://media.deejay.it/legacy/audio/
20190307 00:00:00,/home/biadmin/Music/20181108_cr31.mp3,some,1                 ,1 ,1  ,https://media.deejay.it/legacy/audio/
20190307 00:00:00,/home/biadmin/Music/20181108_djci.mp3,some,1                 ,1 ,1  ,https://media.deejay.it/legacy/audio/
20190307 00:00:00,/home/biadmin/Music/20181108_niki.mp3,some,1                 ,1 ,1  ,https://media.deejay.it/legacy/audio/
20190307 00:00:00,/home/biadmin/Music/20181108_pino.mp3,some,1                 ,1 ,1  ,https://media.deejay.it/legacy/audio/
20190307 00:00:00,/home/biadmin/Music/20181109_cr31.mp3,some,1                 ,1 ,1  ,https://media.deejay.it/legacy/audio/
20190307 00:00:00,/home/biadmin/Music/20181109_djci.mp3,some,1                 ,1 ,1  ,https://media.deejay.it/legacy/audio/
20190307 00:00:00,/home/biadmin/Music/20181109_niki.mp3,some,1                 ,1 ,1  ,https://media.deejay.it/legacy/audio/
20190307 00:00:00,/home/biadmin/Music/20181109_pino.mp3,some,1                 ,1 ,1  ,https://media.deejay.it/legacy/audio/
20190307 00:00:00,/home/biadmin/Music/20181110_djfc.mp3,some,1                 ,1 ,1  ,https://media.deejay.it/legacy/audio/
20190307 00:00:00,/home/biadmin/Music/20181112_cr31.mp3,some,1                 ,1 ,1  ,https://media.deejay.it/legacy/audio/
20190307 00:00:00,/home/biadmin/Music/20181112_djci.mp3,some,1                 ,1 ,1  ,https://media.deejay.it/legacy/audio/
20190307 00:00:00,/home/biadmin/Music/20181112_niki.mp3,some,1                 ,1 ,1  ,https://media.deejay.it/legacy/audio/
20190307 00:00:00,/home/biadmin/Music/20181112_pino.mp3,some,1                 ,1 ,1  ,https://media.deejay.it/legacy/audio/
20190307 00:00:00,/home/biadmin/Music/20181113_cr31.mp3,some,1                 ,1 ,1  ,https://media.deejay.it/legacy/audio/
20190307 00:00:00,/home/biadmin/Music/20181113_djci.mp3,some,1                 ,1 ,1  ,https://media.deejay.it/legacy/audio/
20190307 00:00:00,/home/biadmin/Music/20181113_niki.mp3,some,1                 ,1 ,1  ,https://media.deejay.it/legacy/audio/
20190307 00:00:00,/home/biadmin/Music/20181113_pino.mp3,some,1                 ,1 ,1  ,https://media.deejay.it/legacy/audio/
20190307 00:00:00,/home/biadmin/Music/20181114_cr31.mp3,some,1                 ,1 ,1  ,https://media.deejay.it/legacy/audio/
20190307 00:00:00,/home/biadmin/Music/20181114_djci.mp3,some,1                 ,1 ,1  ,https://media.deejay.it/legacy/audio/
20190307 00:00:00,/home/biadmin/Music/20181114_niki.mp3,some,1                 ,1 ,1  ,https://media.deejay.it/legacy/audio/
20190307 00:00:00,/home/biadmin/Music/20181114_pino.mp3,some,1                 ,1 ,1  ,https://media.deejay.it/legacy/audio/
20190307 00:00:00,/home/biadmin/Music/20181115_cr31.mp3,some,1                 ,1 ,1  ,https://media.deejay.it/legacy/audio/
20190307 00:00:00,/home/biadmin/Music/20181115_djci.mp3,some,1                 ,1 ,1  ,https://media.deejay.it/legacy/audio/
20190307 00:00:00,/home/biadmin/Music/20181115_niki.mp3,some,1                 ,1 ,1  ,https://media.deejay.it/legacy/audio/
20190307 00:00:00,/home/biadmin/Music/20181115_pino.mp3,some,1                 ,1 ,1  ,https://media.deejay.it/legacy/audio/
20190307 00:00:00,/home/biadmin/Music/20181116_cr31.mp3,some,1                 ,1 ,1  ,https://media.deejay.it/legacy/audio/
20190307 00:00:00,/home/biadmin/Music/20181116_djci.mp3,some,1                 ,1 ,1  ,https://media.deejay.it/legacy/audio/
20190307 00:00:00,/home/biadmin/Music/20181116_niki.mp3,some,1                 ,1 ,1  ,https://media.deejay.it/legacy/audio/
20190307 00:00:00,/home/biadmin/Music/20181116_pino.mp3,some,1                 ,1 ,1  ,https://media.deejay.it/legacy/audio/
20190307 00:00:00,/home/biadmin/Music/20181117_djfc.mp3,some,1                 ,1 ,1  ,https://media.deejay.it/legacy/audio/
20190307 00:00:00,/home/biadmin/Music/20181119_cr31.mp3,some,1                 ,1 ,1  ,https://media.deejay.it/legacy/audio/
20190307 00:00:00,/home/biadmin/Music/20181119_djci.mp3,some,1                 ,1 ,1  ,https://media.deejay.it/legacy/audio/
20190307 00:00:00,/home/biadmin/Music/20181119_niki.mp3,some,1                 ,1 ,1  ,https://media.deejay.it/legacy/audio/
20190307 00:00:00,/home/biadmin/Music/20181119_pino.mp3,some,1                 ,1 ,1  ,https://media.deejay.it/legacy/audio/
20190307 00:00:00,/home/biadmin/Music/20181120_cr31.mp3,some,1                 ,1 ,1  ,https://media.deejay.it/legacy/audio/
20190307 00:00:00,/home/biadmin/Music/20181120_djci.mp3,some,1                 ,1 ,1  ,https://media.deejay.it/legacy/audio/
20190307 00:00:00,/home/biadmin/Music/20181120_niki.mp3,some,1                 ,1 ,1  ,https://media.deejay.it/legacy/audio/
20190307 00:00:00,/home/biadmin/Music/20181120_pino.mp3,some,1                 ,1 ,1  ,https://media.deejay.it/legacy/audio/
20190307 00:00:00,/home/biadmin/Music/20181121_cr31.mp3,some,1                 ,1 ,1  ,https://media.deejay.it/legacy/audio/
20190307 00:00:00,/home/biadmin/Music/20181121_djci.mp3,some,1                 ,1 ,1  ,https://media.deejay.it/legacy/audio/
20190307 00:00:00,/home/biadmin/Music/20181121_niki.mp3,some,1                 ,1 ,1  ,https://media.deejay.it/legacy/audio/
20190307 00:00:00,/home/biadmin/Music/20181121_pino.mp3,some,1                 ,1 ,1  ,https://media.deejay.it/legacy/audio/
20190307 00:00:00,/home/biadmin/Music/20181122_cr31.mp3,some,1                 ,1 ,1  ,https://media.deejay.it/legacy/audio/
20190307 00:00:00,/home/biadmin/Music/20181122_cr31.mp3,some,1                 ,1 ,1  ,https://media.deejay.it/legacy/audio/
20190307 00:00:00,/home/biadmin/Music/20181122_cr31.mp3,some,1                 ,1 ,1  ,https://media.deejay.it/legacy/audio/
20190307 00:00:00,/home/biadmin/Music/20181122_djci.mp3,some,1                 ,1 ,1  ,https://media.deejay.it/legacy/audio/
20190307 00:00:00,/home/biadmin/Music/20181122_djci.mp3,some,1                 ,1 ,1  ,https://media.deejay.it/legacy/audio/
20190307 00:00:00,/home/biadmin/Music/20181122_djci.mp3,some,1                 ,1 ,1  ,https://media.deejay.it/legacy/audio/
20190307 00:00:00,/home/biadmin/Music/20181122_niki.mp3,some,1                 ,1 ,1  ,https://media.deejay.it/legacy/audio/
20190307 00:00:00,/home/biadmin/Music/20181122_niki.mp3,some,1                 ,1 ,1  ,https://media.deejay.it/legacy/audio/
20190307 00:00:00,/home/biadmin/Music/20181122_pino.mp3,some,1                 ,1 ,1  ,https://media.deejay.it/legacy/audio/
20190307 00:00:00,/home/biadmin/Music/20181123_cr31.mp3,some,1                 ,1 ,1  ,https://media.deejay.it/legacy/audio/
20190307 00:00:00,/home/biadmin/Music/20181123_djci.mp3,some,1                 ,1 ,1  ,https://media.deejay.it/legacy/audio/
20190307 00:00:00,/home/biadmin/Music/20181123_niki.mp3,some,1                 ,1 ,1  ,https://media.deejay.it/legacy/audio/
20190307 00:00:00,/home/biadmin/Music/20181123_pino.mp3,some,1                 ,1 ,1  ,https://media.deejay.it/legacy/audio/
20190307 00:00:00,/home/biadmin/Music/20181124_djfc.mp3,some,1                 ,1 ,1  ,https://media.deejay.it/legacy/audio/
20190307 00:00:00,/home/biadmin/Music/20181126_cr31.mp3,some,1                 ,1 ,1  ,https://media.deejay.it/legacy/audio/
20190307 00:00:00,/home/biadmin/Music/20181126_djci.mp3,some,1                 ,1 ,1  ,https://media.deejay.it/legacy/audio/
20190307 00:00:00,/home/biadmin/Music/20181126_niki.mp3,some,1                 ,1 ,1  ,https://media.deejay.it/legacy/audio/
20190307 00:00:00,/home/biadmin/Music/20181126_pino.mp3,some,1                 ,1 ,1  ,https://media.deejay.it/legacy/audio/
20190307 00:00:00,/home/biadmin/Music/20181127_cr31.mp3,some,1                 ,1 ,1  ,https://media.deejay.it/legacy/audio/
20190307 00:00:00,/home/biadmin/Music/20181127_djci.mp3,some,1                 ,1 ,1  ,https://media.deejay.it/legacy/audio/
20190307 00:00:00,/home/biadmin/Music/20181127_niki.mp3,some,1                 ,1 ,1  ,https://media.deejay.it/legacy/audio/
20190307 00:00:00,/home/biadmin/Music/20181127_pino.mp3,some,1                 ,1 ,1  ,https://media.deejay.it/legacy/audio/
20190307 00:00:00,/home/biadmin/Music/20181128_cr31.mp3,some,1                 ,1 ,1  ,https://media.deejay.it/legacy/audio/
20190307 00:00:00,/home/biadmin/Music/20181128_djci.mp3,some,1                 ,1 ,1  ,https://media.deejay.it/legacy/audio/
20190307 00:00:00,/home/biadmin/Music/20181128_niki.mp3,some,1                 ,1 ,1  ,https://media.deejay.it/legacy/audio/
20190307 00:00:00,/home/biadmin/Music/20181128_pino.mp3,some,1                 ,1 ,1  ,https://media.deejay.it/legacy/audio/
20190307 00:00:00,/home/biadmin/Music/20181129_cr31.mp3,some,1                 ,1 ,1  ,https://media.deejay.it/legacy/audio/
20190307 00:00:00,/home/biadmin/Music/20181129_djci.mp3,some,1                 ,1 ,1  ,https://media.deejay.it/legacy/audio/
20190307 00:00:00,/home/biadmin/Music/20181129_niki.mp3,some,1                 ,1 ,1  ,https://media.deejay.it/legacy/audio/
20190307 00:00:00,/home/biadmin/Music/20181129_pino.mp3,some,1                 ,1 ,1  ,https://media.deejay.it/legacy/audio/
20190307 00:00:00,/home/biadmin/Music/20181130_cr31.mp3,some,1                 ,1 ,1  ,https://media.deejay.it/legacy/audio/
20190307 00:00:00,/home/biadmin/Music/20181130_djci.mp3,some,1                 ,1 ,1  ,https://media.deejay.it/legacy/audio/
20190307 00:00:00,/home/biadmin/Music/20181130_niki.mp3,some,1                 ,1 ,1  ,https://media.deejay.it/legacy/audio/
20190307 00:00:00,/home/biadmin/Music/20181130_pino.mp3,some,1                 ,1 ,1  ,https://media.deejay.it/legacy/audio/
20190307 00:00:00,/home/biadmin/Music/20181201_djfc.mp3,some,1                 ,1 ,1  ,https://media.deejay.it/legacy/audio/
20190307 00:00:00,/home/biadmin/Music/20181203_cr31.mp3,some,1                 ,1 ,1  ,https://media.deejay.it/legacy/audio/
20190307 00:00:00,/home/biadmin/Music/20181203_djci.mp3,some,1                 ,1 ,1  ,https://media.deejay.it/legacy/audio/
20190307 00:00:00,/home/biadmin/Music/20181203_niki.mp3,some,1                 ,1 ,1  ,https://media.deejay.it/legacy/audio/
20190307 00:00:00,/home/biadmin/Music/20181203_pino.mp3,some,1                 ,1 ,1  ,https://media.deejay.it/legacy/audio/
20190307 00:00:00,/home/biadmin/Music/20181204_cr31.mp3,some,1                 ,1 ,1  ,https://media.deejay.it/legacy/audio/
20190307 00:00:00,/home/biadmin/Music/20181204_cr31.mp3,some,1                 ,1 ,1  ,https://media.deejay.it/legacy/audio/
20190307 00:00:00,/home/biadmin/Music/20181204_cr31.mp3,some,1                 ,1 ,1  ,https://media.deejay.it/legacy/audio/
20190307 00:00:00,/home/biadmin/Music/20181204_djci.mp3,some,1                 ,1 ,1  ,https://media.deejay.it/legacy/audio/
20190307 00:00:00,/home/biadmin/Music/20181204_djci.mp3,some,1                 ,1 ,1  ,https://media.deejay.it/legacy/audio/
20190307 00:00:00,/home/biadmin/Music/20181204_niki.mp3,some,1                 ,1 ,1  ,https://media.deejay.it/legacy/audio/
20190307 00:00:00,/home/biadmin/Music/20181204_niki.mp3,some,1                 ,1 ,1  ,https://media.deejay.it/legacy/audio/
20190307 00:00:00,/home/biadmin/Music/20181204_pino.mp3,some,1                 ,1 ,1  ,https://media.deejay.it/legacy/audio/
20190307 00:00:00,/home/biadmin/Music/20181205_cr31.mp3,some,1                 ,1 ,1  ,https://media.deejay.it/legacy/audio/
20190307 00:00:00,/home/biadmin/Music/20181205_cr31.mp3,some,1                 ,1 ,1  ,https://media.deejay.it/legacy/audio/
20190307 00:00:00,/home/biadmin/Music/20181205_djci.mp3,some,1                 ,1 ,1  ,https://media.deejay.it/legacy/audio/
20190307 00:00:00,/home/biadmin/Music/20181205_niki.mp3,some,1                 ,1 ,1  ,https://media.deejay.it/legacy/audio/
20190307 00:00:00,/home/biadmin/Music/20181205_pino.mp3,some,1                 ,1 ,1  ,https://media.deejay.it/legacy/audio/
20190307 00:00:00,/home/biadmin/Music/20181206_cr31.mp3,some,1                 ,1 ,1  ,https://media.deejay.it/legacy/audio/
20190307 00:00:00,/home/biadmin/Music/20181206_djci.mp3,some,1                 ,1 ,1  ,https://media.deejay.it/legacy/audio/
20190307 00:00:00,/home/biadmin/Music/20181206_niki.mp3,some,1                 ,1 ,1  ,https://media.deejay.it/legacy/audio/
20190307 00:00:00,/home/biadmin/Music/20181206_pino.mp3,some,1                 ,1 ,1  ,https://media.deejay.it/legacy/audio/
20190307 00:00:00,/home/biadmin/Music/20181207_cr31.mp3,some,1                 ,1 ,1  ,https://media.deejay.it/legacy/audio/
20190307 00:00:00,/home/biadmin/Music/20181207_djci.mp3,some,1                 ,1 ,1  ,https://media.deejay.it/legacy/audio/
20190307 00:00:00,/home/biadmin/Music/20181207_niki.mp3,some,1                 ,1 ,1  ,https://media.deejay.it/legacy/audio/
20190307 00:00:00,/home/biadmin/Music/20181207_pino.mp3,some,1                 ,1 ,1  ,https://media.deejay.it/legacy/audio/
20190307 00:00:00,/home/biadmin/Music/20181208_djfc.mp3,some,1                 ,1 ,1  ,https://media.deejay.it/legacy/audio/
20190307 00:00:00,/home/biadmin/Music/20181210_cr31.mp3,some,1                 ,1 ,1  ,https://media.deejay.it/legacy/audio/
20190307 00:00:00,/home/biadmin/Music/20181210_djci.mp3,some,1                 ,1 ,1  ,https://media.deejay.it/legacy/audio/
20190307 00:00:00,/home/biadmin/Music/20181210_niki.mp3,some,1                 ,1 ,1  ,https://media.deejay.it/legacy/audio/
20190307 00:00:00,/home/biadmin/Music/20181210_pino.mp3,some,1                 ,1 ,1  ,https://media.deejay.it/legacy/audio/
20190307 00:00:00,/home/biadmin/Music/20181211_cr31.mp3,some,1                 ,1 ,1  ,https://media.deejay.it/legacy/audio/
20190307 00:00:00,/home/biadmin/Music/20181211_djci.mp3,some,1                 ,1 ,1  ,https://media.deejay.it/legacy/audio/
20190307 00:00:00,/home/biadmin/Music/20181211_niki.mp3,some,1                 ,1 ,1  ,https://media.deejay.it/legacy/audio/
20190307 00:00:00,/home/biadmin/Music/20181211_pino.mp3,some,1                 ,1 ,1  ,https://media.deejay.it/legacy/audio/
20190307 00:00:00,/home/biadmin/Music/20181212_cr31.mp3,some,1                 ,1 ,1  ,https://media.deejay.it/legacy/audio/
20190307 00:00:00,/home/biadmin/Music/20181212_djci.mp3,some,1                 ,1 ,1  ,https://media.deejay.it/legacy/audio/
20190307 00:00:00,/home/biadmin/Music/20181212_niki.mp3,some,1                 ,1 ,1  ,https://media.deejay.it/legacy/audio/
20190307 00:00:00,/home/biadmin/Music/20181212_pino.mp3,some,1                 ,1 ,1  ,https://media.deejay.it/legacy/audio/
20190307 00:00:00,/home/biadmin/Music/20181213_cr31.mp3,some,1                 ,1 ,1  ,https://media.deejay.it/legacy/audio/
20190307 00:00:00,/home/biadmin/Music/20181213_djci.mp3,some,1                 ,1 ,1  ,https://media.deejay.it/legacy/audio/
20190307 00:00:00,/home/biadmin/Music/20181213_niki.mp3,some,1                 ,1 ,1  ,https://media.deejay.it/legacy/audio/
20190307 00:00:00,/home/biadmin/Music/20181213_pino.mp3,some,1                 ,1 ,1  ,https://media.deejay.it/legacy/audio/
20190307 00:00:00,/home/biadmin/Music/20181214_cr31.mp3,some,1                 ,1 ,1  ,https://media.deejay.it/legacy/audio/
20190307 00:00:00,/home/biadmin/Music/20181214_djci.mp3,some,1                 ,1 ,1  ,https://media.deejay.it/legacy/audio/
20190307 00:00:00,/home/biadmin/Music/20181214_niki.mp3,some,1                 ,1 ,1  ,https://media.deejay.it/legacy/audio/
20190307 00:00:00,/home/biadmin/Music/20181214_pino.mp3,some,1                 ,1 ,1  ,https://media.deejay.it/legacy/audio/
20190307 00:00:00,/home/biadmin/Music/20181217_cr31.mp3,some,1                 ,1 ,1  ,https://media.deejay.it/legacy/audio/
20190307 00:00:00,/home/biadmin/Music/20181217_djci.mp3,some,1                 ,1 ,1  ,https://media.deejay.it/legacy/audio/
20190307 00:00:00,/home/biadmin/Music/20181217_niki.mp3,some,1                 ,1 ,1  ,https://media.deejay.it/legacy/audio/
20190307 00:00:00,/home/biadmin/Music/20181217_pino.mp3,some,1                 ,1 ,1  ,https://media.deejay.it/legacy/audio/
20190307 00:00:00,/home/biadmin/Music/20181218_cr31.mp3,some,1                 ,1 ,1  ,https://media.deejay.it/legacy/audio/
20190307 00:00:00,/home/biadmin/Music/20181218_djci.mp3,some,1                 ,1 ,1  ,https://media.deejay.it/legacy/audio/
20190307 00:00:00,/home/biadmin/Music/20181218_niki.mp3,some,1                 ,1 ,1  ,https://media.deejay.it/legacy/audio/
20190307 00:00:00,/home/biadmin/Music/20181218_pino.mp3,some,1                 ,1 ,1  ,https://media.deejay.it/legacy/audio/
20190307 00:00:00,/home/biadmin/Music/20181219_cr31.mp3,some,1                 ,1 ,1  ,https://media.deejay.it/legacy/audio/
20190307 00:00:00,/home/biadmin/Music/20181219_djci.mp3,some,1                 ,1 ,1  ,https://media.deejay.it/legacy/audio/
20190307 00:00:00,/home/biadmin/Music/20181219_niki.mp3,some,1                 ,1 ,1  ,https://media.deejay.it/legacy/audio/
20190307 00:00:00,/home/biadmin/Music/20181219_pino.mp3,some,1                 ,1 ,1  ,https://media.deejay.it/legacy/audio/
20190307 00:00:00,/home/biadmin/Music/20181220_cr31.mp3,some,1                 ,1 ,1  ,https://media.deejay.it/legacy/audio/
20190307 00:00:00,/home/biadmin/Music/20181220_cr31.mp3,some,1                 ,1 ,1  ,https://media.deejay.it/legacy/audio/
20190307 00:00:00,/home/biadmin/Music/20181220_cr31.mp3,some,1                 ,1 ,1  ,https://media.deejay.it/legacy/audio/
20190307 00:00:00,/home/biadmin/Music/20181220_cr31.mp3,some,1                 ,1 ,1  ,https://media.deejay.it/legacy/audio/
20190307 00:00:00,/home/biadmin/Music/20181220_cr31.mp3,some,1                 ,1 ,1  ,https://media.deejay.it/legacy/audio/
20190307 00:00:00,/home/biadmin/Music/20181220_cr31.mp3,some,1                 ,1 ,1  ,https://media.deejay.it/legacy/audio/
20190307 00:00:00,/home/biadmin/Music/20181220_djci.mp3,some,1                 ,1 ,1  ,https://media.deejay.it/legacy/audio/
20190307 00:00:00,/home/biadmin/Music/20181220_niki.mp3,some,1                 ,1 ,1  ,https://media.deejay.it/legacy/audio/
20190307 00:00:00,/home/biadmin/Music/20181220_niki.mp3,some,1                 ,1 ,1  ,https://media.deejay.it/legacy/audio/
20190307 00:00:00,/home/biadmin/Music/20181220_pino.mp3,some,1                 ,1 ,1  ,https://media.deejay.it/legacy/audio/
20190307 00:00:00,/home/biadmin/Music/20181221_cr31.mp3,some,1                 ,1 ,1  ,https://media.deejay.it/legacy/audio/
20190307 00:00:00,/home/biadmin/Music/20181221_djci.mp3,some,1                 ,1 ,1  ,https://media.deejay.it/legacy/audio/
20190307 00:00:00,/home/biadmin/Music/20181221_niki.mp3,some,1                 ,1 ,1  ,https://media.deejay.it/legacy/audio/
20190307 00:00:00,/home/biadmin/Music/20181224_cr31.mp3,some,1                 ,1 ,1  ,https://media.deejay.it/legacy/audio/
20190307 00:00:00,/home/biadmin/Music/20181224_niki.mp3,some,1                 ,1 ,1  ,https://media.deejay.it/legacy/audio/
20190307 00:00:00,/home/biadmin/Music/20181224_pino.mp3,some,1                 ,1 ,1  ,https://media.deejay.it/legacy/audio/
20190307 00:00:00,/home/biadmin/Music/20181226_pino.mp3,some,1                 ,1 ,1  ,https://media.deejay.it/legacy/audio/
20190307 00:00:00,/home/biadmin/Music/20181227_pino.mp3,some,1                 ,1 ,1  ,https://media.deejay.it/legacy/audio/
20190307 00:00:00,/home/biadmin/Music/20181228_pino.mp3,some,1                 ,1 ,1  ,https://media.deejay.it/legacy/audio/
20190307 00:00:00,/home/biadmin/Music/20181229_djfc.mp3,some,1                 ,1 ,1  ,https://media.deejay.it/legacy/audio/
20190307 00:00:00,/home/biadmin/Music/20181231_pino.mp3,some,1                 ,1 ,1  ,https://media.deejay.it/legacy/audio/
20190307 00:00:00,/home/biadmin/Music/20190102_pino.mp3,some,1                 ,1 ,1  ,https://media.deejay.it/legacy/audio/
20190307 00:00:00,/home/biadmin/Music/20190103_pino.mp3,some,1                 ,1 ,1  ,https://media.deejay.it/legacy/audio/
20190307 00:00:00,/home/biadmin/Music/20190104_pino.mp3,some,1                 ,1 ,1  ,https://media.deejay.it/legacy/audio/
20190307 00:00:00,/home/biadmin/Music/20190107_cr31.mp3,some,1                 ,1 ,1  ,https://media.deejay.it/legacy/audio/
20190307 00:00:00,/home/biadmin/Music/20190107_djci.mp3,some,1                 ,1 ,1  ,https://media.deejay.it/legacy/audio/
20190307 00:00:00,/home/biadmin/Music/20190107_niki.mp3,some,1                 ,1 ,1  ,https://media.deejay.it/legacy/audio/
20190307 00:00:00,/home/biadmin/Music/20190107_pino.mp3,some,1                 ,1 ,1  ,https://media.deejay.it/legacy/audio/
20190307 00:00:00,/home/biadmin/Music/20190108_cr31.mp3,some,1                 ,1 ,1  ,https://media.deejay.it/legacy/audio/
20190307 00:00:00,/home/biadmin/Music/20190108_djci.mp3,some,1                 ,1 ,1  ,https://media.deejay.it/legacy/audio/
20190307 00:00:00,/home/biadmin/Music/20190108_niki.mp3,some,1                 ,1 ,1  ,https://media.deejay.it/legacy/audio/
20190307 00:00:00,/home/biadmin/Music/20190108_pino.mp3,some,1                 ,1 ,1  ,https://media.deejay.it/legacy/audio/
20190307 00:00:00,/home/biadmin/Music/20190109_cr31.mp3,some,1                 ,1 ,1  ,https://media.deejay.it/legacy/audio/
20190307 00:00:00,/home/biadmin/Music/20190109_djci.mp3,some,1                 ,1 ,1  ,https://media.deejay.it/legacy/audio/
20190307 00:00:00,/home/biadmin/Music/20190109_niki.mp3,some,1                 ,1 ,1  ,https://media.deejay.it/legacy/audio/
20190307 00:00:00,/home/biadmin/Music/20190109_pino.mp3,some,1                 ,1 ,1  ,https://media.deejay.it/legacy/audio/
20190307 00:00:00,/home/biadmin/Music/20190110_cr31.mp3,some,1                 ,1 ,1  ,https://media.deejay.it/legacy/audio/
20190307 00:00:00,/home/biadmin/Music/20190110_djci.mp3,some,1                 ,1 ,1  ,https://media.deejay.it/legacy/audio/
20190307 00:00:00,/home/biadmin/Music/20190110_niki.mp3,some,1                 ,1 ,1  ,https://media.deejay.it/legacy/audio/
20190307 00:00:00,/home/biadmin/Music/20190110_pino.mp3,some,1                 ,1 ,1  ,https://media.deejay.it/legacy/audio/
20190307 00:00:00,/home/biadmin/Music/20190111_cr31.mp3,some,1                 ,1 ,1  ,https://media.deejay.it/legacy/audio/
20190307 00:00:00,/home/biadmin/Music/20190111_djci.mp3,some,1                 ,1 ,1  ,https://media.deejay.it/legacy/audio/
20190307 00:00:00,/home/biadmin/Music/20190111_niki.mp3,some,1                 ,1 ,1  ,https://media.deejay.it/legacy/audio/
20190307 00:00:00,/home/biadmin/Music/20190111_pino.mp3,some,1                 ,1 ,1  ,https://media.deejay.it/legacy/audio/
20190307 00:00:00,/home/biadmin/Music/20190112_djfc.mp3,some,1                 ,1 ,1  ,https://media.deejay.it/legacy/audio/
20190307 00:00:00,/home/biadmin/Music/20190114_cr31.mp3,some,1                 ,1 ,1  ,https://media.deejay.it/legacy/audio/
20190307 00:00:00,/home/biadmin/Music/20190114_djci.mp3,some,1                 ,1 ,1  ,https://media.deejay.it/legacy/audio/
20190307 00:00:00,/home/biadmin/Music/20190114_niki.mp3,some,1                 ,1 ,1  ,https://media.deejay.it/legacy/audio/
20190307 00:00:00,/home/biadmin/Music/20190115_cr31.mp3,some,1                 ,1 ,1  ,https://media.deejay.it/legacy/audio/
20190307 00:00:00,/home/biadmin/Music/20190115_djci.mp3,some,1                 ,1 ,1  ,https://media.deejay.it/legacy/audio/
20190307 00:00:00,/home/biadmin/Music/20190115_niki.mp3,some,1                 ,1 ,1  ,https://media.deejay.it/legacy/audio/
20190307 00:00:00,/home/biadmin/Music/20190115_pino.mp3,some,1                 ,1 ,1  ,https://media.deejay.it/legacy/audio/
20190307 00:00:00,/home/biadmin/Music/20190116_cr31.mp3,some,1                 ,1 ,1  ,https://media.deejay.it/legacy/audio/
20190307 00:00:00,/home/biadmin/Music/20190116_djci.mp3,some,1                 ,1 ,1  ,https://media.deejay.it/legacy/audio/
20190307 00:00:00,/home/biadmin/Music/20190116_niki.mp3,some,1                 ,1 ,1  ,https://media.deejay.it/legacy/audio/
20190307 00:00:00,/home/biadmin/Music/20190116_pino.mp3,some,1                 ,1 ,1  ,https://media.deejay.it/legacy/audio/
20190307 00:00:00,/home/biadmin/Music/20190117_cr31.mp3,some,1                 ,1 ,1  ,https://media.deejay.it/legacy/audio/
20190307 00:00:00,/home/biadmin/Music/20190117_djci.mp3,some,1                 ,1 ,1  ,https://media.deejay.it/legacy/audio/
20190307 00:00:00,/home/biadmin/Music/20190117_niki.mp3,some,1                 ,1 ,1  ,https://media.deejay.it/legacy/audio/
20190307 00:00:00,/home/biadmin/Music/20190117_pino.mp3,some,1                 ,1 ,1  ,https://media.deejay.it/legacy/audio/
20190307 00:00:00,/home/biadmin/Music/20190118_cr31.mp3,some,1                 ,1 ,1  ,https://media.deejay.it/legacy/audio/
20190307 00:00:00,/home/biadmin/Music/20190118_djci.mp3,some,1                 ,1 ,1  ,https://media.deejay.it/legacy/audio/
20190307 00:00:00,/home/biadmin/Music/20190118_niki.mp3,some,1                 ,1 ,1  ,https://media.deejay.it/legacy/audio/
20190307 00:00:00,/home/biadmin/Music/20190118_pino.mp3,some,1                 ,1 ,1  ,https://media.deejay.it/legacy/audio/
20190307 00:00:00,/home/biadmin/Music/20190119_djfc.mp3,some,1                 ,1 ,1  ,https://media.deejay.it/legacy/audio/
20190307 00:00:00,/home/biadmin/Music/20190121_cr31.mp3,some,1                 ,1 ,1  ,https://media.deejay.it/legacy/audio/
20190307 00:00:00,/home/biadmin/Music/20190121_djci.mp3,some,1                 ,1 ,1  ,https://media.deejay.it/legacy/audio/
20190307 00:00:00,/home/biadmin/Music/20190121_niki.mp3,some,1                 ,1 ,1  ,https://media.deejay.it/legacy/audio/
20190307 00:00:00,/home/biadmin/Music/20190121_pino.mp3,some,1                 ,1 ,1  ,https://media.deejay.it/legacy/audio/
20190307 00:00:00,/home/biadmin/Music/20190122_cr31.mp3,some,1                 ,1 ,1  ,https://media.deejay.it/legacy/audio/
20190307 00:00:00,/home/biadmin/Music/20190122_djci.mp3,some,1                 ,1 ,1  ,https://media.deejay.it/legacy/audio/
20190307 00:00:00,/home/biadmin/Music/20190122_niki.mp3,some,1                 ,1 ,1  ,https://media.deejay.it/legacy/audio/
20190307 00:00:00,/home/biadmin/Music/20190123_cr31.mp3,some,1                 ,1 ,1  ,https://media.deejay.it/legacy/audio/
20190307 00:00:00,/home/biadmin/Music/20190123_djci.mp3,some,1                 ,1 ,1  ,https://media.deejay.it/legacy/audio/
20190307 00:00:00,/home/biadmin/Music/20190123_niki.mp3,some,1                 ,1 ,1  ,https://media.deejay.it/legacy/audio/
20190307 00:00:00,/home/biadmin/Music/20190123_pino.mp3,some,1                 ,1 ,1  ,https://media.deejay.it/legacy/audio/
20190307 00:00:00,/home/biadmin/Music/20190124_cr31.mp3,some,1                 ,1 ,1  ,https://media.deejay.it/legacy/audio/
20190307 00:00:00,/home/biadmin/Music/20190124_djci.mp3,some,1                 ,1 ,1  ,https://media.deejay.it/legacy/audio/
20190307 00:00:00,/home/biadmin/Music/20190124_niki.mp3,some,1                 ,1 ,1  ,https://media.deejay.it/legacy/audio/
20190307 00:00:00,/home/biadmin/Music/20190124_pino.mp3,some,1                 ,1 ,1  ,https://media.deejay.it/legacy/audio/
20190307 00:00:00,/home/biadmin/Music/20190125_cr31.mp3,some,1                 ,1 ,1  ,https://media.deejay.it/legacy/audio/
20190307 00:00:00,/home/biadmin/Music/20190125_djci.mp3,some,1                 ,1 ,1  ,https://media.deejay.it/legacy/audio/
20190307 00:00:00,/home/biadmin/Music/20190125_niki.mp3,some,1                 ,1 ,1  ,https://media.deejay.it/legacy/audio/
20190307 00:00:00,/home/biadmin/Music/20190125_pino.mp3,some,1                 ,1 ,1  ,https://media.deejay.it/legacy/audio/
20190307 00:00:00,/home/biadmin/Music/20190126_djfc.mp3,some,1                 ,1 ,1  ,https://media.deejay.it/legacy/audio/
20190307 00:00:00,/home/biadmin/Music/20190128_cr31.mp3,some,1                 ,1 ,1  ,https://media.deejay.it/legacy/audio/
20190307 00:00:00,/home/biadmin/Music/20190128_djci.mp3,some,1                 ,1 ,1  ,https://media.deejay.it/legacy/audio/
20190307 00:00:00,/home/biadmin/Music/20190128_niki.mp3,some,1                 ,1 ,1  ,https://media.deejay.it/legacy/audio/
20190307 00:00:00,/home/biadmin/Music/20190128_pino.mp3,some,1                 ,1 ,1  ,https://media.deejay.it/legacy/audio/
20190307 00:00:00,/home/biadmin/Music/20190129_cr31.mp3,some,1                 ,1 ,1  ,https://media.deejay.it/legacy/audio/
20190307 00:00:00,/home/biadmin/Music/20190129_djci.mp3,some,1                 ,1 ,1  ,https://media.deejay.it/legacy/audio/
20190307 00:00:00,/home/biadmin/Music/20190129_niki.mp3,some,1                 ,1 ,1  ,https://media.deejay.it/legacy/audio/
20190307 00:00:00,/home/biadmin/Music/20190129_pino.mp3,some,1                 ,1 ,1  ,https://media.deejay.it/legacy/audio/
20190307 00:00:00,/home/biadmin/Music/20190130_djci.mp3,some,1                 ,1 ,1  ,https://media.deejay.it/legacy/audio/
20190307 00:00:00,/home/biadmin/Music/20190130_niki.mp3,some,1                 ,1 ,1  ,https://media.deejay.it/legacy/audio/
20190307 00:00:00,/home/biadmin/Music/20190130_pino.mp3,some,1                 ,1 ,1  ,https://media.deejay.it/legacy/audio/
20190307 00:00:00,/home/biadmin/Music/20190131_cr31.mp3,some,1                 ,1 ,1  ,https://media.deejay.it/legacy/audio/
20190307 00:00:00,/home/biadmin/Music/20190131_djci.mp3,some,1                 ,1 ,1  ,https://media.deejay.it/legacy/audio/
20190307 00:00:00,/home/biadmin/Music/20190131_niki.mp3,some,1                 ,1 ,1  ,https://media.deejay.it/legacy/audio/
20190307 00:00:00,/home/biadmin/Music/20190131_pino.mp3,some,1                 ,1 ,1  ,https://media.deejay.it/legacy/audio/
20190307 00:00:00,/home/biadmin/Music/20190201_cr31.mp3,some,1                 ,1 ,1  ,https://media.deejay.it/legacy/audio/
20190307 00:00:00,/home/biadmin/Music/20190201_djci.mp3,some,1                 ,1 ,1  ,https://media.deejay.it/legacy/audio/
20190307 00:00:00,/home/biadmin/Music/20190201_niki.mp3,some,1                 ,1 ,1  ,https://media.deejay.it/legacy/audio/
20190307 00:00:00,/home/biadmin/Music/20190201_pino.mp3,some,1                 ,1 ,1  ,https://media.deejay.it/legacy/audio/
20190307 00:00:00,/home/biadmin/Music/20190204_cr31.mp3,some,1                 ,1 ,1  ,https://media.deejay.it/legacy/audio/
20190307 00:00:00,/home/biadmin/Music/20190204_djci.mp3,some,1                 ,1 ,1  ,https://media.deejay.it/legacy/audio/
20190307 00:00:00,/home/biadmin/Music/20190204_niki.mp3,some,1                 ,1 ,1  ,https://media.deejay.it/legacy/audio/
20190307 00:00:00,/home/biadmin/Music/20190204_pino.mp3,some,1                 ,1 ,1  ,https://media.deejay.it/legacy/audio/
20190307 00:00:00,/home/biadmin/Music/20190205_cr31.mp3,some,1                 ,1 ,1  ,https://media.deejay.it/legacy/audio/
20190307 00:00:00,/home/biadmin/Music/20190205_djci.mp3,some,1                 ,1 ,1  ,https://media.deejay.it/legacy/audio/
20190307 00:00:00,/home/biadmin/Music/20190205_niki.mp3,some,1                 ,1 ,1  ,https://media.deejay.it/legacy/audio/
20190307 00:00:00,/home/biadmin/Music/20190205_pino.mp3,some,1                 ,1 ,1  ,https://media.deejay.it/legacy/audio/
20190307 00:00:00,/home/biadmin/Music/20190206_cr31.mp3,some,1                 ,1 ,1  ,https://media.deejay.it/legacy/audio/
20190307 00:00:00,/home/biadmin/Music/20190206_djci.mp3,some,1                 ,1 ,1  ,https://media.deejay.it/legacy/audio/
20190307 00:00:00,/home/biadmin/Music/20190206_niki.mp3,some,1                 ,1 ,1  ,https://media.deejay.it/legacy/audio/
20190307 00:00:00,/home/biadmin/Music/20190206_pino.mp3,some,1                 ,1 ,1  ,https://media.deejay.it/legacy/audio/
20190307 00:00:00,/home/biadmin/Music/20190207_cr31.mp3,some,1                 ,1 ,1  ,https://media.deejay.it/legacy/audio/
20190307 00:00:00,/home/biadmin/Music/20190207_djci.mp3,some,1                 ,1 ,1  ,https://media.deejay.it/legacy/audio/
20190307 00:00:00,/home/biadmin/Music/20190207_niki.mp3,some,1                 ,1 ,1  ,https://media.deejay.it/legacy/audio/
20190307 00:00:00,/home/biadmin/Music/20190207_pino.mp3,some,1                 ,1 ,1  ,https://media.deejay.it/legacy/audio/
20190307 00:00:00,/home/biadmin/Music/20190208_cr31.mp3,some,1                 ,1 ,1  ,https://media.deejay.it/legacy/audio/
20190307 00:00:00,/home/biadmin/Music/20190208_djci.mp3,some,1                 ,1 ,1  ,https://media.deejay.it/legacy/audio/
20190307 00:00:00,/home/biadmin/Music/20190208_niki.mp3,some,1                 ,1 ,1  ,https://media.deejay.it/legacy/audio/
20190307 00:00:00,/home/biadmin/Music/20190208_pino.mp3,some,1                 ,1 ,1  ,https://media.deejay.it/legacy/audio/
20190307 00:00:00,/home/biadmin/Music/20190209_djfc.mp3,some,1                 ,1 ,1  ,https://media.deejay.it/legacy/audio/
20190307 00:00:00,/home/biadmin/Music/20190211_cr31.mp3,some,1                 ,1 ,1  ,https://media.deejay.it/legacy/audio/
20190307 00:00:00,/home/biadmin/Music/20190211_djci.mp3,some,1                 ,1 ,1  ,https://media.deejay.it/legacy/audio/
20190307 00:00:00,/home/biadmin/Music/20190211_niki.mp3,some,1                 ,1 ,1  ,https://media.deejay.it/legacy/audio/
20190307 00:00:00,/home/biadmin/Music/20190212_cr31.mp3,some,1                 ,1 ,1  ,https://media.deejay.it/legacy/audio/
20190307 00:00:00,/home/biadmin/Music/20190212_djci.mp3,some,1                 ,1 ,1  ,https://media.deejay.it/legacy/audio/
20190307 00:00:00,/home/biadmin/Music/20190212_niki.mp3,some,1                 ,1 ,1  ,https://media.deejay.it/legacy/audio/
20190307 00:00:00,/home/biadmin/Music/20190213_cr31.mp3,some,1                 ,1 ,1  ,https://media.deejay.it/legacy/audio/
20190307 00:00:00,/home/biadmin/Music/20190213_djci.mp3,some,1                 ,1 ,1  ,https://media.deejay.it/legacy/audio/
20190307 00:00:00,/home/biadmin/Music/20190213_niki.mp3,some,1                 ,1 ,1  ,https://media.deejay.it/legacy/audio/
20190307 00:00:00,/home/biadmin/Music/20190214_cr31.mp3,some,1                 ,1 ,1  ,https://media.deejay.it/legacy/audio/
20190307 00:00:00,/home/biadmin/Music/20190214_djci.mp3,some,1                 ,1 ,1  ,https://media.deejay.it/legacy/audio/
20190307 00:00:00,/home/biadmin/Music/20190214_niki.mp3,some,1                 ,1 ,1  ,https://media.deejay.it/legacy/audio/
20190307 00:00:00,/home/biadmin/Music/20190215_cr31.mp3,some,1                 ,1 ,1  ,https://media.deejay.it/legacy/audio/
20190307 00:00:00,/home/biadmin/Music/20190215_djci.mp3,some,1                 ,1 ,1  ,https://media.deejay.it/legacy/audio/
20190307 00:00:00,/home/biadmin/Music/20190215_niki.mp3,some,1                 ,1 ,1  ,https://media.deejay.it/legacy/audio/
20190307 00:00:00,/home/biadmin/Music/20190216_djfc.mp3,some,1                 ,1 ,1  ,https://media.deejay.it/legacy/audio/
20190307 00:00:00,/home/biadmin/Music/20190218_cr31.mp3,some,1                 ,1 ,1  ,https://media.deejay.it/legacy/audio/
20190307 00:00:00,/home/biadmin/Music/20190218_djci.mp3,some,1                 ,1 ,1  ,https://media.deejay.it/legacy/audio/
20190307 00:00:00,/home/biadmin/Music/20190218_niki.mp3,some,1                 ,1 ,1  ,https://media.deejay.it/legacy/audio/
20190307 00:00:00,/home/biadmin/Music/20190219_cr31.mp3,some,1                 ,1 ,1  ,https://media.deejay.it/legacy/audio/
20190307 00:00:00,/home/biadmin/Music/20190219_djci.mp3,some,1                 ,1 ,1  ,https://media.deejay.it/legacy/audio/
20190307 00:00:00,/home/biadmin/Music/20190219_niki.mp3,some,1                 ,1 ,1  ,https://media.deejay.it/legacy/audio/
20190307 00:00:00,/home/biadmin/Music/20190220_cr31.mp3,some,1                 ,1 ,1  ,https://media.deejay.it/legacy/audio/
20190307 00:00:00,/home/biadmin/Music/20190220_djci.mp3,some,1                 ,1 ,1  ,https://media.deejay.it/legacy/audio/
20190307 00:00:00,/home/biadmin/Music/20190220_niki.mp3,some,1                 ,1 ,1  ,https://media.deejay.it/legacy/audio/
20190307 00:00:00,/home/biadmin/Music/20190221_cr31.mp3,some,1                 ,1 ,1  ,https://media.deejay.it/legacy/audio/
20190307 00:00:00,/home/biadmin/Music/20190221_djci.mp3,some,1                 ,1 ,1  ,https://media.deejay.it/legacy/audio/
20190307 00:00:00,/home/biadmin/Music/20190221_niki.mp3,some,1                 ,1 ,1  ,https://media.deejay.it/legacy/audio/
20190307 00:00:00,/home/biadmin/Music/20190222_cr31.mp3,some,1                 ,1 ,1  ,https://media.deejay.it/legacy/audio/
20190307 00:00:00,/home/biadmin/Music/20190222_djci.mp3,some,1                 ,1 ,1  ,https://media.deejay.it/legacy/audio/
20190307 00:00:00,/home/biadmin/Music/20190222_niki.mp3,some,1                 ,1 ,1  ,https://media.deejay.it/legacy/audio/
20190307 00:00:00,/home/biadmin/Music/20190223_djfc.mp3,some,1                 ,1 ,1  ,https://media.deejay.it/legacy/audio/
20190307 00:00:00,/home/biadmin/Music/20190225_cr31.mp3,some,1                 ,1 ,1  ,https://media.deejay.it/legacy/audio/
20190307 00:00:00,/home/biadmin/Music/20190225_djci.mp3,some,1                 ,1 ,1  ,https://media.deejay.it/legacy/audio/
20190307 00:00:00,/home/biadmin/Music/20190225_niki.mp3,some,1                 ,1 ,1  ,https://media.deejay.it/legacy/audio/
20190307 00:00:00,/home/biadmin/Music/20190226_cr31.mp3,some,1                 ,1 ,1  ,https://media.deejay.it/legacy/audio/
20190307 00:00:00,/home/biadmin/Music/20190226_djci.mp3,some,1                 ,1 ,1  ,https://media.deejay.it/legacy/audio/
20190307 00:00:00,/home/biadmin/Music/20190226_niki.mp3,some,1                 ,1 ,1  ,https://media.deejay.it/legacy/audio/
20190307 00:00:00,/home/biadmin/Music/20190227_cr31.mp3,some,1                 ,1 ,1  ,https://media.deejay.it/legacy/audio/
20190307 00:00:00,/home/biadmin/Music/20190227_djci.mp3,some,1                 ,1 ,1  ,https://media.deejay.it/legacy/audio/
20190307 00:00:00,/home/biadmin/Music/20190227_niki.mp3,some,1                 ,1 ,1  ,https://media.deejay.it/legacy/audio/
20190307 00:00:00,/home/biadmin/Music/20190228_cr31.mp3,some,1                 ,1 ,1  ,https://media.deejay.it/legacy/audio/
20190307 00:00:00,/home/biadmin/Music/20190228_djci.mp3,some,1                 ,1 ,1  ,https://media.deejay.it/legacy/audio/
20190307 00:00:00,/home/biadmin/Music/20190228_niki.mp3,some,1                 ,1 ,1  ,https://media.deejay.it/legacy/audio/
20190307 00:00:00,/home/biadmin/Music/20190301_cr31.mp3,some,1                 ,1 ,1  ,https://media.deejay.it/legacy/audio/
20190307 00:00:00,/home/biadmin/Music/20190301_djci.mp3,some,1                 ,1 ,1  ,https://media.deejay.it/legacy/audio/
20190307 00:00:00,/home/biadmin/Music/20190301_niki.mp3,some,1                 ,1 ,1  ,https://media.deejay.it/legacy/audio/
20190307 00:00:00,/home/biadmin/Music/20190302_djfc.mp3,some,1                 ,1 ,1  ,https://media.deejay.it/legacy/audio/
20190307 00:00:00,/home/biadmin/Music/20190304_cr31.mp3,some,1                 ,1 ,1  ,https://media.deejay.it/legacy/audio/
20190307 00:00:00,/home/biadmin/Music/20190304_djci.mp3,some,1                 ,1 ,1  ,https://media.deejay.it/legacy/audio/
20190307 00:00:00,/home/biadmin/Music/20190304_niki.mp3,some,1                 ,1 ,1  ,https://media.deejay.it/legacy/audio/
20190307 00:00:00,/home/biadmin/Music/20190305_cr31.mp3,some,1                 ,1 ,1  ,https://media.deejay.it/legacy/audio/
20190307 00:00:00,/home/biadmin/Music/20190305_djci.mp3,some,1                 ,1 ,1  ,https://media.deejay.it/legacy/audio/
20190307 00:00:00,/home/biadmin/Music/20190305_niki.mp3,some,1                 ,1 ,1  ,https://media.deejay.it/legacy/audio/
20190307 00:00:00,/home/biadmin/Music/20190306_cr31.mp3,some,1                 ,1 ,1  ,https://media.deejay.it/legacy/audio/
20190307 00:00:00,/home/biadmin/Music/20190306_djci.mp3,some,1                 ,1 ,1  ,https://media.deejay.it/legacy/audio/
20190307 00:00:00,/home/biadmin/Music/20190306_niki.mp3,some,1                 ,1 ,1  ,https://media.deejay.it/legacy/audio/
20190307 00:00:00,/home/biadmin/Music/20190307_cr31.mp3,some,1                 ,1 ,1  ,https://media.deejay.it/legacy/audio/
20190307 00:00:00,/home/biadmin/Music/20190307_djci.mp3,some,1                 ,1 ,1  ,https://media.deejay.it/legacy/audio/
